"Variable / Field Name","Form Name","Section Header","Field Type","Field Label","Choices, Calculations, OR Slider Labels","Field Note","Text Validation Type OR Show Slider Number","Text Validation Min","Text Validation Max",Identifier?,"Branching Logic (Show field only if...)","Required Field?","Custom Alignment","Question Number (surveys only)","Matrix Group Name","Matrix Ranking?","Field Annotation"
record_id,erker_v13,,text,"Record ID",,,,,,,,,,,,,
sct_422549004,erker_v13,,text,"1.1 Pseudonym [String]
",,"Standortspezifische Pseudonymisierung",,,,,,,,,,,
sct_399423000,erker_v13,,text,"1.2 Formale Kriterien - Einschlussdatum [YYYY-MM-DD]",,"Bitte das Datum der Erfassung des:der Patient:in angeben.",date_ymd,,,,,,,,,,
sct_184099003_y,erker_v13,"2. Persönliche Angaben",text,"2.1 Geburtsjahr [JJJJ]",,,number,1900,2100,y,,y,,,,,
sct_281053000,erker_v13,,dropdown,"2.2 Geschlecht [des Patienten bei Geburt]","sct_248152002, Weiblich | sct_248153007, Männlich | sct_184115007, Unbestimmt | sct_33791000087105, Divers | sct_394743007, Unbekannt","Bitte das Geschlecht des*der Patient*in bei der Geburt angeben.",,,,y,,y,,,,,
sct_263495000,erker_v13,,dropdown,"2.3 Administratives Geschlecht","sct_263495000_M, männlich | sct_263495000_W, weiblich | sct_263495000_UN, unbestimmt | sct_263495000_D, divers",,,,,,,,,,,,
sct_315354004,erker_v13,,text,"2.4 Geburtsland [SNOMED CT]",BIOPORTAL:SNOMEDCT,"alternativ im SNOMED CT Browser https://browser.ihtsdotools.org/? suchen",,,,,,,,,,,
sct_397731000,erker_v13,,dropdown,"2.5 Ethnizität","sct_14045001, Caucasian | sct_18167009, African | sct_315280000, Asian | sct_90027003, Arabs | hl7_cld_2135-2, Hispanic or Latino | sct_26242008, Mixed-origin | sct_372148003, Other descendent-of | sct_1220561009, nicht erfasst",,,,,,,,,,,,
ln_67162_8,erker_v13,"3. Patiententstatus",dropdown,"3.1 Patientenstatus [lebend oder toter Patient]","lnc_67162-8_L, Lebend | lnc_67162-8_T, Tot | lnc_67162-8_X, Nicht weiterverfolgt | lnc_67162-8_V, verweigert (von weiterer Behandlung)","Falls tot, Frage 3.2 beantworten",,,,,,,,,,,
sct_399753006,erker_v13,,text,"3.2 Todeszeitpunkt [Sterbedatum des Patienten]
",,,date_ymd,,,,"[ln_67162_8] = 'lnc_67162-8_T'",,,,,,
sct_410598002,erker_v13,,dropdown,"3.3 Paientenstatus - Alterskategorie","sct_3658006, Säugling (< 1 Jahr) | sct_713153009, Kleinkind (≥1 bis < 6 Jahre) | sct_255398004, Schulkind (≥6 bis < 12 Jahre) | sct_263659003, Jugendliche:r (≥12 bis < 18 Jahre) | sct_41847000, Erwachsene:r (≥18 Jahre) | sct_303112003, Ungeboren | lnc_67162-8_T, Verstorben | lnc_67162-8_X, Unbekannt","Bitte Alterskategorie bei Einschluss im NARSE angeben.",,,,,,,,,,,
sct_184305005_rd,erker_v13,,dropdown,"3.4 An SE verstorben? ","sct_373066001, Ja | sct_373067005, Nein | sct_1220561009, nicht erfasst","Bitte angeben, ob der*die Patient*in an seltener Erkrankung verstorben ist.",,,,,,,,,,,
sct_16100001,erker_v13,,text,"3.5 Haupttodesursache im Totenschein [ICD10-WHO]",,"Bitte nur ICD-10 Code angeben, z.B.: ""E66.8""",,,,,"[ln_67162_8] = 'lnc_67162-8_T'",,,,,,
sct_16100001_source,erker_v13,,dropdown,"3.6 Informationsquelle der Todesursache","sct_270425006, Arztbrief | sct_307930005, Totenschein | sct_229053005, Melderegister | sct_74964007, sonstiges | sct_1220561009, nicht erfasst",,,,,,"[ln_67162_8] = 'lnc_67162-8_T'",,,,,,
sct_769681006,erker_v13,"4 Behandlungsverlauf",text,"4.1 Erstkontakt mit dem Fachzentrum [TT-MM-JJJJ]",,,date_ymd,,,,,,,,,,
sct_3457005,erker_v13,,dropdown,"4.2 Patient:in überwiesen von","sct_306098008, Selbstüberweisung | sct_307836003_pat, Patientenorganisation | sct_305931005, Hausärzt:in | sct_305943006_amb, Kinderärzt:in (ambulant) | sct_305943006_hosp, Kinderärzt:in (Krankenhaus) | sct_307836003_fam, Mutter-Kind-Zentrum | sct_305971000, Humangenetiker:in | sct_305993005, Gynäkolog:in | sct_305956004, sonstige:r ärztliche:r Spezialist:in | sct_307836003_mvz, (Medizinisches) Versorgungszentrum | sct_307836003_prenat, Zentrum für pränatales Screening oder multidisziplinäres Zentrum für pränatale Diagnose | sct_307836003_ref, (Medizinisches) Referenzzentrum | sct_307836003_comp, (Medizinisches) Kompetenzzentrum | sct_74964007, sonstiges | sct_1220561009, nicht erfasst",,,,,,,,,,,,
sct_276239002_aim,erker_v13,,dropdown,"4.3 Ziel der Behandlung am Zentrum","sct_439401001, Diagnose | sct_276239002, Therapieeinleitung | sct_246106000_progr, Verlaufskontrolle | sct_788339009, genetische Beratung | sct_439401001_prenat, pränatale Diagnose | sct_182813001, Notfallbehandlung | sct_308364004, Forschung/Studienzwecke | sct_28214001, Patientenschulung | sct_107724000, Transition | sct_74964007, sonstiges",,,,,,,,,,,,
sct_424850005,erker_v13,"5. Krankheitsverlauf",dropdown,"5.1 Alter bei Krankheitsbeginn [Alter bei Auftreten der ersten Symptome/Anzeichen]
","sct_118189007, Pränatal | sct_364586004, Bei Geburt | sct_424850005, Datum | sct_261665006, unbestimmt",,,,,,,,,,,,
sct_424850005_y,erker_v13,,text,"5.1.1 Jahr Krankheitsbeginn [JJJJ]",,,integer,1800,2100,,"[sct_424850005] = 'sct_424850005'",,,,,,
sct_424850005_m,erker_v13,,text,"5.1.2 Monat Krankheitsbeginn [MM]",,,integer,01,12,,"[sct_424850005] = 'sct_424850005'",,,,,,
sct_424850005_d,erker_v13,,text,"5.1.3 Tag Krankheitsbeginn [DD]",,,integer,1,31,,"[sct_424850005] = 'sct_424850005'",,,,,,
sct_423493009,erker_v13,,dropdown,"5.3 Alter bei Diagnose","sct_118189007, Pränatal | sct_364586004, Bei Geburt | sct_424850005, Datum | sct_261665006, unbestimmt","Alter, bei dem die Diagnose gestellt wurde",,,,,,,,,,,
sct_423493009_y,erker_v13,,text,"5.3.1 Jahr Diagnose  [JJJJ]",,,integer,1800,2100,,"[sct_423493009] = 'sct_424850005'",,,,,,
sct_423493009_m,erker_v13,,text,"5.3.2 Monat Diagnose [MM]",,,integer,1,12,,"[sct_423493009] = 'sct_424850005'",,,,,,
sct_423493009_d,erker_v13,,text,"5.3.3 Tag Diagnose [DD]",,,integer,1,31,,"[sct_423493009] = 'sct_424850005'",,,,,,
sct_717800004,erker_v13,,dropdown,"5.4 Antenatale Malformation(en)? ","sct_373066001, Ja | sct_373067005, Nein | sct_261665006, Unbekannt | sct_1220561009, nicht erfasst",,,,,,,,,,,,
sct_412726003,erker_v13,,text,"5.5 Gestationsalter / Schwangerschaftsdauer (post menstruationem)",,"Schwangerschaftswochen + abgeschlossene Tage (0-6) der laufenden Schwangerschaftswoche angeben, z.B.: 34+4",,,,,,,,,,,
sct_64245008,erker_v13,,dropdown,"5.6 Indexfall (Propositus/Proposita)?","sct_373066001, Ja | sct_373067005, Nein | sct_1220561009, nicht erfasst","Erste:r, in der betreffenden Familie erfasste:r Patient:in?",,,,,,,,,,,
sct_125679009_proposit,erker_v13,,dropdown,"5.7 Verwandschaftsverhältnis des:der Patient:in mit dem Indexfall / Propositus/-a","sct_65656005, (natürliche) Mutter | sct_9947008, (natürlicher) Vater | sct_83420006, (natürliche) Tochter | sct_113160008, (natürlicher) Sohn | sct_60614009, (natürlicher) Bruder | sct_73678001, (natürliche) Schwester | sct_11286003, Zwilling | sct_1220561009, nicht erfasst",,,,,,,,,,,,
sct_842009,erker_v13,,dropdown,"5.8 Konsanguinität ","sct_373066001, Ja | sct_373067005, Nein | sct_1220561009, nicht erfasst","Liegt eine bekannte Konsanguinität (genetische Verwandtschaft) jeglicher Art (alle Verwandschaftsgrade) zwischen den Eltern vor? ",,,,,,,,,,,
sct_439401001_orpha,erker_v13,"6.1 Hauptdiagnose",text,"6.1.1 (Haupt-)Diagnose der seltenen Krankheit [Orpha-Code]",BIOPORTAL:ORDO,"Diagnose des Fachzentrums",,,,,,,,,,,
sct_439401001_orpha_sub,erker_v13,,text,"6.1.2 (Haupt-)Diagnose der seltenen Krankheit (Subtyp) [Orpha-Code]",BIOPORTAL:ORDO,,,,,,,,,,,,
sct_439401001_icd10gm,erker_v13,,text,"6.1.3 (Haupt-)Diagnose der seltenen Krankheit [ICD-10-GM-Code]",,"Bitte nur ICD-10 Code angeben, z.B.: ""E66.8""",,,,,,,,,,,
sct_439401001_alphaid,erker_v13,,dropdown,"6.1.4 Diagnose der seltenen Krankheit [Alpha ID]","sct_373066001, Ja | sct_373067005, Nein | sct_1220561009, nicht erfasst",,,,,,,,,,,,
sct_439401001_alphaidstr,erker_v13,,text,"6.1.4A Diagnose der seltenen Krankheit [Alpha ID]",,,,,,,"[sct_439401001_alphaid] = 'sct_373066001'",,,,,,
sct_442083009_d,erker_v13,,text,"6.1.5 Hauptdiagnose - Körperstelle [SNOMED CT]",BIOPORTAL:SNOMEDCT,"alternativ im SNOMED CT Browser https://browser.ihtsdotools.org/? suchen",,,,,,,,,,,
sct_432213005,erker_v13,,text,"6.1.6 Hauptdiagnose - Feststellungsdatum",,,date_ymd,,,,,,,,,,
sct_263493007,erker_v13,,dropdown,"6.1.7 Hauptdiagnose - Klinischer Status","active, Aktiv: Der Betroffene leidet gegenwärtig unter den Symptomen der Erkrankung oder es gibt Anzeichen für die Erkrankung. | recurrence, Wiederauftreten: Beim Probanden tritt ein Wiederauftreten oder eine Wiederholung einer zuvor behobenen Erkrankung auf, z. B. Harnwegsinfektion, Pankreatitis, Cholangitis, Bindehautentzündung. | relapse, Rückfall: Der Betroffene erleidet ein Wiederauftreten einer Erkrankung oder von Anzeichen und Symptomen nach einer Phase der Besserung oder Remission, z. B. Rückfall von Krebs, Multipler Sklerose, rheumatoider Arthritis | incative, Inaktiv: Der Betroffene leidet nicht mehr unter den Symptomen der Erkrankung oder es gibt keine Anzeichen mehr für die Erkrankung. | remission, Remission: Der Betroffene leidet nicht mehr unter den Symptomen der Erkrankung, aber es besteht die Gefahr, dass die Symptome zurückkehren. | resolved, Behoben: Der Betroffene leidet nicht mehr unter den Symptomen der Erkrankung, und es besteht ein vernachlässigbares Risiko, dass die Symptome zurückkehren.",,,,,,,,,,,,
sct_116694002,erker_v13,,dropdown,"6.1.8 Hauptdiagnose - Schweregrad","sct_24484000, Schwerwiegend | sct_6736007, Moderat | sct_255604002, Milde | sct_1220561009, nicht erfasst",,,,,,,,,,,,
sct_246454002,erker_v13,,dropdown,"6.1.9 Sporadisches oder familiäres Auftreten?","sct_75741005, sporadisch | sct_255401001, familiär | sct_1220561009, nicht erfasst",,,,,,,,,,,,
sct_439401001_ver,erker_v13,,dropdown,"6.1.10 Verifizierungsstatus der Hauptdiagnose","unconfirmed, unbestätigt | provisional, vorläufig |  differential, Eine von mehreren möglichen (und sich in der Regel gegenseitig ausschließenden) Diagnosen, die als Leitfaden für den Diagnoseprozess und die vorläufige Behandlung herangezogen werden. | confirmed, bestätigt |  refuted, Diese Diagnose wurde durch diagnostische und klinische Beweise ausgeschlossen.| entered-in-error, Die Angabe wurde falsch eingegeben und ist ungültig | sct_1220561009, nicht erfasst",,,,,,,,,,,,
sct_103330002,erker_v13,,dropdown,"6.1.11 Nicht diagnostizierter Fall","sct_373066001, Ja | sct_373067005, Nein",,,,,,,,,,,,
sct_41769001_orpha,erker_v13,,text,"6.1.11A Verdachtsdiagnose [ORPHA]",BIOPORTAL:ORDO,,,,,,,,,,,,
sct_41769001_icd10,erker_v13,,text,"6.1.11B Verdachtsdiagnose [ICD-10-GM]",,"Bitte nur ICD-10 Code angeben, z.B.: ""E66.8""",,,,,,,,,,,
sct_439401001_val,erker_v13,,dropdown,"6.1.12 Patientenstatus - Absicherung der Diagnose","sct_1220561009, nicht erfasst | sct_439401001_gen, Durch molekulargenetische Untersuchung gesicherte Diagnose | sct_39154008_hpo, Klinische Verdachtsdiagnose wahrscheinlich durch Phänotyp (HPO), aber keine genetische Diagnose | sct_439401001_gen_nonhpo, Genetische Diagnose, aber Phänotyp (HPO) nicht passend",,,,,,,,,,,,
sct_39154008_hpo,erker_v13,,radio,"6.1.13 Klinisch gesicherte Diagnose entsprechend HPO","sct_373066001, Ja | sct_373067005, Nein | sct_1220561009, nicht erfasst","Bitte angeben, ob eine klinisch gesicherte Diagnose entsprechend der HPO vorliegt.",,,,,,,,,,,
sct_439401001_gen_biom_val,erker_v13,,dropdown,"6.1.14 Gesicherte Diagnose anhand spezifischer Biomarker ","sct_373066001, Ja | sct_373067005, Nein | sct_1220561009, nicht erfasst","Bitte angeben, ob eine gesicherte Diagnose anhand spezifischer Biomarker vorliegt",,,,,,,,,,,
sct_439401001_biom,erker_v13,,text,"6.1.14A Biomarker Befund",,"Bitte Biomarker Befund angeben",,,,,"[sct_439401001_gen_biom_val] = ""sct_373066001""",,,,,,
sct_406522009,erker_v13,,dropdown,"6.1.15 War die Diagnose der SE korrekt als der:die Patient:in das 1. Mal Kontakt zum Zentrum hatte?","sct_373066001, Ja | sct_373067005, Nein | sct_1220561009, nicht erfasst",,,,,,,,,,,,
ln_55198_6,erker_v13,,dropdown,"6.1.16 Zygotie des Hauptbefundes","sct_22061001, Homozygotie | sct_14556007, Heterozygotie | sct_55064000, Hemizygotie | sct_1220561009, Nicht erfasst","... der Orpha (Verdachts- oder Haupt-) Diagnose",,,,,,,,,,,
sct_255404009_mitoch,erker_v13,,dropdown,"6.1.17 Mitochondriale Vererbung der Hauptdiagnose","heteroplasmy, Heteroplasmie | homoplasmy, Homoplasmie | sct_1220561009, nicht erfasst",,,,,,,,,,,,
sct_277132007,erker_v13,,dropdown,"6.1.18 spezifische Therapie","sct_277132007_none, Keine | sct_416608005, Pharmakotherapie (gezielt auf dem Krankheitsmechanismus basierend, nicht nur symptomatisch) | sct_394613000, Gentherapie | sct_69908008_therapy, mRNA Therapie | sct_68498002_therapy, Antikörpertherapie | sct_1156961008, CAR-T-Zelltherapie | sct_234336002, Stammzelltransplantation | sct_309541009, Stoffwechseltherapie | sct_74964007, Sonstiges | sct_261665006, Unbekannt",,,,,,,,,,,,
sct_277132007_other,erker_v13,,text,"6.1.19 Sonstige spezifische Therapie",,"Bitte Angaben zur sonstigen spezifischen Therapie ergänzen",,,,,,,,,,,
sct_439401001_gen_val,erker_v13,"6.2 Genetischer Befund",radio,"6.2.1 Genetisch gesicherte Diagnose?","sct_373066001, Ja | sct_373067005, Nein | sct_1220561009, nicht erfasst","Bitte angeben, ob eine genetisch gesicherte Diagnose vorliegt",,,,,,,,,,,
ln_ll4048_6,erker_v13,,dropdown,"6.2.2 Genutzte Methode genetische Untersuchung","LA26406-1, Karyotypisierung | LA26404-6, FISH | LA26418-6, PCR | LA26419-4, qPCR (real-time PCR) | LA26400-4, SNP array | LA26813-8, RFLP (Restriktionsfragment-Längen-Polymorphismus) | LA26810-4, DNA-Hybridisierung | LA26398-0, Sequenzierung (NGS, Sanger, etc.) | LA26415-2, MLPA | sct_74964007, Andere | sct_1220561009, nicht erfasst",,,,,,,,,,,,
omim_erklaerung,erker_v13,,descriptive,"<div class=""rich-text-field-label""><p>OMIM (Online Mendelian Inheritance in Man) <span style=""font-weight: normal;"">ist ein umfassendes, maßgebliches Kompendium menschlicher Gene und genetischer Phänotypen, das frei zugänglich ist und täglich aktualisiert wird. Die referenzierten Volltextübersichten in OMIM enthalten Informationen zu allen bekannten Mendelschen Erkrankungen und über 16.000 Genen. OMIM konzentriert sich auf die </span>Beziehung zwischen Phänotyp und Genotyp<span style=""font-weight: normal;"">. OMIM wird am McKusick-Nathans Institute of Genetic Medicine, Johns Hopkins University School of Medicine, unter der Leitung von Dr. Ada Hamosh verfasst und bearbeitet.</span><br /><span style=""text-decoration: underline;""><span style=""font-weight: normal;"">http://www.omim.org/</span></span><br />OMIM_g-Code<span style=""font-weight: normal;"">: nach betroffenem Gen der Krankheit suchen</span><br />OMIM_p-Code: <span style=""font-weight: normal;"">nach phänotypischer Ausprägung der Krankheit suchen</span></p></div>",,,,,,,,,,,,,
sct_439401001_omim_g,erker_v13,,text,"6.2.3A Genetische (Haupt-)Diagnose [OMIM_g-Code]",BIOPORTAL:OMIM,,,,,,,,,,,,
sct_439401001_omim_p,erker_v13,,text,"6.2.3B Genetische (Haupt-)Diagnose [OMIM_p-Code]",BIOPORTAL:OMIM,,,,,,,,,,,,
hgvs_explanation,erker_v13,,descriptive,"<div class=""rich-text-field-label""><p><span style=""font-weight: normal;"">Die </span>HGVS-Nomenklatur<span style=""font-weight: normal;""> enthält Empfehlungen für die Beschreibung von Sequenzvarianten in DNA-, RNA- und Proteinsequenzen. Sie wird verwendet, um den Austausch von Informationen über solche Varianten zu melden und dient als internationaler Standard. Wenn möglich die HGVS-Codes unter folgendem Link validieren: </span><a href=""https://lhcforms.nlm.nih.gov/fhir/hgvs-validator/"" target=""_blank"" rel=""noopener"">https://lhcforms.nlm.nih.gov/fhir/hgvs-validator/</a>. <span style=""font-weight: normal;"">Ansonsten alle Mutationen dem ""unvalidierten Freitext"" hinzufügen.<br />Für weitere klinisch relevante Varianten jew. das HGVS Freitext Feld befüllen.</span></p></div>",,,,,,,,,,,,,
sct_55446002_str_1,erker_v13,,text,"6.2.4A klinisch relevante Variante [HGVS Freitext]",,"unvalidierter Freitext, z.B. ""V166I"", ""V103I""",,,,,,,,,,,
ln_81290_9_1,erker_v13,,text,"6.2.4B klinisch relevante Variante [g.HGVS]",,"HGVS-validierter Genomic DNA change (gHGVS)",,,,,,,,,,,
ln_48004_6_1,erker_v13,,text,"6.2.4C klinisch relevante Variante [c.HGVS]",,"HGVS-validierter DNA change (c.HGVS)",,,,,,,,,,,
ln_48005_3_1,erker_v13,,text,"6.2.4D klinisch relevante Variante [p.HGVS]",,"HGVS-validierte Veränderung auf Proteinebene [p.HGVS]",,,,,,,,,,,
ln_47999_8_dna_hgnc_1,erker_v13,,text,"6.2.4E klinisch relevante Variante [HGNC-Code]",BIOPORTAL:HGNC-NR,,,,,,,,,,,,
ln_ll3781_1_1,erker_v13,,dropdown,"6.2.4F Ursprung der Variante","LA6683-2, Keimbahn | LA6684-0, somatisch | LA10429-1, Fetal | LA18194-3, Wahrscheinlich Keimbahn | LA18195-0, Wahrscheinlich somatisch | LA18196-8, Wahrscheinlich fetal | LA18197-6, Unbekannter genomischer Ursprung | LA26807-0, De novo | sct_1220561009, nicht erfasst",,,,,,,,,,,,
ln_48019_4_1,erker_v13,,dropdown,"6.2.4G DNA Mutationstyp","SO_1000008, Punktmutation | SO_0000159, Deletion | SO_0000667, Insertion | SO_10000321, Insertion und Deletion | SO_1000002, Substitution | SO_1000009, Transition | SO_0002165, Trinukleotid-Repeat-Mutation | sct_74964007, Sonstiges | sct_1220561009, nicht erfasst",,,,,,,,,,,,
ln_ll4034_6_1,erker_v13,,dropdown,"6.2.4H Klinische Signifikanz [ACMG]","LA6668-3, Krankheitserregend | LA26332-9, Wahrscheinlich krankheitserregend | LA26333-7, Ungewisse Bedeutung | LA26334-5, Wahrscheinlich gutartig | LA6675-8, Gutartig | sct_1220561009, nicht erfasst",,,,,,,,,,,,
ln_93044_6_1,erker_v13,,dropdown,"6.2.4I Clinical Annotation Level Of Evidence","LA30200-2, Sehr starke Hinweise auf Pathogenität | LA30201-0, Starker Hinweis auf Pathogenität | LA30202-8, Mäßiger Hinweis auf Pathogenität | LA30203-6, Unterstützende Hinweise auf Pathogenität | LA30204-4, Unterstützende Beweise gutartig | LA30205-1, Starker Hinweis auf Gutartigkeit | LA30206-9, Eigenständiger Nachweis pathogen | LA30207-7, Einzelnachweis gutartig | LA26333-7, Ungewisse Bedeutung | sct_1220561009, nicht erfasst",,,,,,,,,,,,
sct_55446002_str_2,erker_v13,,text,"6.2.5A klinisch relevante Variante [HGVS Freitext]",,"unvalidierter Freitext, z.B. ""V166I"", ""V103I""",,,,,"[sct_55446002_str_1]  <> """"",,,,,,
ln_81290_9_2,erker_v13,,text,"6.2.5B klinisch relevante Variante [g.HGVS]",,"HGVS-validierter Genomic DNA change (gHGVS)",,,,,"[sct_55446002_str_1]  <> """"",,,,,,
ln_48004_6_2,erker_v13,,text,"6.2.5C klinisch relevante Variante [c.HGVS]",,"HGVS-validierter DNA change (c.HGVS)",,,,,"[sct_55446002_str_1]  <> """"",,,,,,
ln_48005_3_2,erker_v13,,text,"6.2.5D klinisch relevante Variante [p.HGVS]",,"HGVS-validierte Veränderung auf Proteinebene [p.HGVS]",,,,,"[sct_55446002_str_1]  <> """"",,,,,,
ln_47999_8_dna_hgnc_2,erker_v13,,text,"6.2.5E klinisch relevante Variante [HGNC-Code]",BIOPORTAL:HGNC-NR,,,,,,"[sct_55446002_str_1]  <> """"",,,,,,
ln_ll3781_1_2,erker_v13,,dropdown,"6.2.5F Ursprung der Variante","LA6683-2, Keimbahn | LA6684-0, somatisch | LA10429-1, Fetal | LA18194-3, Wahrscheinlich Keimbahn | LA18195-0, Wahrscheinlich somatisch | LA18196-8, Wahrscheinlich fetal | LA18197-6, Unbekannter genomischer Ursprung | LA26807-0, De novo | sct_1220561009, nicht erfasst",,,,,,"[sct_55446002_str_1]  <> """"",,,,,,
ln_48019_4_2,erker_v13,,dropdown,"6.2.5G DNA Mutationstyp","SO_1000008, Punktmutation | SO_0000159, Deletion | SO_0000667, Insertion | SO_10000321, Insertion und Deletion | SO_1000002, Substitution | SO_1000009, Transition | SO_0002165, Trinukleotid-Repeat-Mutation | sct_74964007, Sonstiges | sct_1220561009, nicht erfasst",,,,,,"[sct_55446002_str_1]  <> """"",,,,,,
ln_ll4034_6_2,erker_v13,,dropdown,"6.2.5H Klinische Signifikanz [ACMG]","LA6668-3, Krankheitserregend | LA26332-9, Wahrscheinlich krankheitserregend | LA26333-7, Ungewisse Bedeutung | LA26334-5, Wahrscheinlich gutartig | LA6675-8, Gutartig | sct_1220561009, nicht erfasst",,,,,,"[sct_55446002_str_1]  <> """"",,,,,,
ln_93044_6_2,erker_v13,,dropdown,"6.2.5I Clinical Annotation Level Of Evidence","LA30200-2, Sehr starke Hinweise auf Pathogenität | LA30201-0, Starker Hinweis auf Pathogenität | LA30202-8, Mäßiger Hinweis auf Pathogenität | LA30203-6, Unterstützende Hinweise auf Pathogenität | LA30204-4, Unterstützende Beweise gutartig | LA30205-1, Starker Hinweis auf Gutartigkeit | LA30206-9, Eigenständiger Nachweis pathogen | LA30207-7, Einzelnachweis gutartig | LA26333-7, Ungewisse Bedeutung | sct_1220561009, nicht erfasst",,,,,,"[sct_55446002_str_1]  <> """"",,,,,,
sct_55446002_str_3,erker_v13,,text,"6.2.6A klinisch relevante Variante [HGVS Freitext]",,"unvalidierter Freitext, z.B. ""V166I"", ""V103I""",,,,,"[sct_55446002_str_2]  <> """"",,,,,,
ln_81290_9_3,erker_v13,,text,"6.2.6B klinisch relevante Variante [g.HGVS]",,"HGVS-validierter Genomic DNA change (gHGVS)",,,,,"[sct_55446002_str_2]  <> """"",,,,,,
ln_48004_6_3,erker_v13,,text,"6.2.6C klinisch relevante Variante [c.HGVS]",,"HGVS-validierter DNA change (c.HGVS)",,,,,"[sct_55446002_str_2]  <> """"",,,,,,
ln_48005_3_3,erker_v13,,text,"6.2.6D klinisch relevante Variante [p.HGVS]",,"HGVS-validierte Veränderung auf Proteinebene [p.HGVS]",,,,,"[sct_55446002_str_2]  <> """"",,,,,,
ln_47999_8_dna_hgnc_3,erker_v13,,text,"6.2.6E klinisch relevante Variante [HGNC-Code]",BIOPORTAL:HGNC-NR,,,,,,"[sct_55446002_str_2]  <> """"",,,,,,
ln_ll3781_1_3,erker_v13,,dropdown,"6.2.6F Ursprung der Variante","LA6683-2, Keimbahn | LA6684-0, somatisch | LA10429-1, Fetal | LA18194-3, Wahrscheinlich Keimbahn | LA18195-0, Wahrscheinlich somatisch | LA18196-8, Wahrscheinlich fetal | LA18197-6, Unbekannter genomischer Ursprung | LA26807-0, De novo | sct_1220561009, nicht erfasst",,,,,,"[sct_55446002_str_2]  <> """"",,,,,,
ln_48019_4_3,erker_v13,,dropdown,"6.2.6G DNA Mutationstyp","SO_1000008, Punktmutation | SO_0000159, Deletion | SO_0000667, Insertion | SO_10000321, Insertion und Deletion | SO_1000002, Substitution | SO_1000009, Transition | SO_0002165, Trinukleotid-Repeat-Mutation | sct_74964007, Sonstiges | sct_1220561009, nicht erfasst",,,,,,"[sct_55446002_str_2]  <> """"",,,,,,
ln_ll4034_6_3,erker_v13,,dropdown,"6.2.6H Klinische Signifikanz [ACMG]","LA6668-3, Krankheitserregend | LA26332-9, Wahrscheinlich krankheitserregend | LA26333-7, Ungewisse Bedeutung | LA26334-5, Wahrscheinlich gutartig | LA6675-8, Gutartig | sct_1220561009, nicht erfasst",,,,,,"[sct_55446002_str_2]  <> """"",,,,,,
ln_93044_6_3,erker_v13,,dropdown,"6.2.6I Clinical Annotation Level Of Evidence","LA30200-2, Sehr starke Hinweise auf Pathogenität | LA30201-0, Starker Hinweis auf Pathogenität | LA30202-8, Mäßiger Hinweis auf Pathogenität | LA30203-6, Unterstützende Hinweise auf Pathogenität | LA30204-4, Unterstützende Beweise gutartig | LA30205-1, Starker Hinweis auf Gutartigkeit | LA30206-9, Eigenständiger Nachweis pathogen | LA30207-7, Einzelnachweis gutartig | LA26333-7, Ungewisse Bedeutung | sct_1220561009, nicht erfasst",,,,,,"[sct_55446002_str_2]  <> """"",,,,,,
sct_64195000_other,erker_v13,,dropdown,"6.2.7 weitere genetische Varianten? ","sct_373066001, Ja | sct_373067005, Nein | sct_1220561009, nicht erfasst",,,,,,,,,,,,
sct_55446002_str_4,erker_v13,,text,"6.2.7.1A Genetische (Neben-)Varianten [HGVS Freitext]",,"unvalidierter Freitextunvalidierter Freitext, z.B. ""V166I"", ""V103I""",,,,,"[sct_64195000_other] = ""sct_373066001""",,,,,,
ln_81290_9_4,erker_v13,,text,"6.2.7.1B Genetische (Neben-)Varianten [g.HGVS]",,"HGVS validierter Genomic DNA change (gHGVS)",,,,,"[sct_64195000_other] = ""sct_373066001""",,,,,,
ln_48004_6_4,erker_v13,,text,"6.2.7.1C Genetische (Neben-)Varianten [c.HGVS]",,"HGVS validierter DNA change (c.HGVS)",,,,,"[sct_64195000_other] = ""sct_373066001""",,,,,,
ln_48005_3_4,erker_v13,,text,"6.2.7.1D Genetische (Neben-)Varianten [p.HGVS]",,"HGVS validierter Genomic DNA change (gHGVS)",,,,,"[sct_64195000_other] = ""sct_373066001""",,,,,,
ln_47999_8_dna_hgnc_4,erker_v13,,text,"6.2.7.1E Genetische (Neben-)Varianten [HGNC-Code]",BIOPORTAL:HGNC-NR,,,,,,"[sct_64195000_other] = ""sct_373066001""",,,,,,
sct_55446002_str_5,erker_v13,,text,"6.2.7.2A Genetische (Neben-)Varianten [HGVS Freitext]",,"unvalidierter Freitextunvalidierter Freitext, z.B. ""V166I"", ""V103I""",,,,,"[sct_55446002_str_4]  <> """"",,,,,,
ln_81290_9_5,erker_v13,,text,"6.2.7.2B Genetische (Neben-)Varianten [g.HGVS]",,"HGVS validierter Genomic DNA change (gHGVS)",,,,,"[sct_55446002_str_4]  <> """"",,,,,,
ln_48004_6_5,erker_v13,,text,"6.2.7.2C Genetische (Neben-)Varianten [c.HGVS]",,"HGVS validierter DNA change (c.HGVS)",,,,,"[sct_55446002_str_4]  <> """"",,,,,,
ln_48005_3_5,erker_v13,,text,"6.2.7.2D Genetische (Neben-)Varianten [p.HGVS]",,"HGVS validierter Genomic DNA change (gHGVS)",,,,,"[sct_55446002_str_4]  <> """"",,,,,,
ln_47999_8_dna_hgnc_5,erker_v13,,text,"6.2.7.2E Genetische (Neben-)Varianten [HGNC-Code]",BIOPORTAL:HGNC-NR,,,,,,"[sct_55446002_str_4]  <> """"",,,,,,
sct_55446002_str_6,erker_v13,,text,"6.2.7.3A Genetische (Neben-)Varianten [HGVS Freitext]",,"unvalidierter Freitextunvalidierter Freitext, z.B. ""V166I"", ""V103I""",,,,,"[sct_55446002_str_5]  <> """"",,,,,,
ln_81290_9_6,erker_v13,,text,"6.2.7.3B Genetische (Neben-)Varianten [g.HGVS]",,"HGVS validierter Genomic DNA change (gHGVS)",,,,,"[sct_55446002_str_5]  <> """"",,,,,,
ln_48004_6_6,erker_v13,,text,"6.2.7.3C Genetische (Neben-)Varianten [c.HGVS]",,"HGVS validierter DNA change (c.HGVS)",,,,,"[sct_55446002_str_5]  <> """"",,,,,,
ln_48005_3_6,erker_v13,,text,"6.2.7.3D Genetische (Neben-)Varianten [p.HGVS]",,"HGVS validierter Genomic DNA change (gHGVS)",,,,,"[sct_55446002_str_5]  <> """"",,,,,,
ln_47999_8_dna_hgnc_6,erker_v13,,text,"6.2.7.3E Genetische (Neben-)Varianten [HGNC-Code]",BIOPORTAL:HGNC-NR,,,,,,"[sct_55446002_str_5]  <> """"",,,,,,
sct_55446002_str_7,erker_v13,,text,"6.2.7.4A Genetische (Neben-)Varianten [HGVS Freitext]",,"unvalidierter Freitextunvalidierter Freitext, z.B. ""V166I"", ""V103I""",,,,,"[sct_55446002_str_6]  <> """"",,,,,,
ln_81290_9_7,erker_v13,,text,"6.2.7.4B Genetische (Neben-)Varianten [g.HGVS]",,"HGVS validierter Genomic DNA change (gHGVS)",,,,,"[sct_55446002_str_6]  <> """"",,,,,,
ln_48004_6_7,erker_v13,,text,"6.2.7.4C Genetische (Neben-)Varianten [c.HGVS]",,"HGVS validierter DNA change (c.HGVS)",,,,,"[sct_55446002_str_6]  <> """"",,,,,,
ln_48005_3_7,erker_v13,,text,"6.2.7.4D Genetische (Neben-)Varianten [p.HGVS]",,"HGVS validierter Genomic DNA change (gHGVS)",,,,,"[sct_55446002_str_6]  <> """"",,,,,,
ln_47999_8_dna_hgnc_7,erker_v13,,text,"6.2.7.4E Genetische (Neben-)Varianten [HGNC-Code]",BIOPORTAL:HGNC-NR,,,,,,"[sct_55446002_str_6]  <> """"",,,,,,
sct_55446002_str_8,erker_v13,,text,"6.2.7.5A Genetische (Neben-)Varianten [HGVS Freitext]",,"unvalidierter Freitextunvalidierter Freitext, z.B. ""V166I"", ""V103I""",,,,,"[sct_55446002_str_7]  <> """"",,,,,,
ln_81290_9_8,erker_v13,,text,"6.2.7.5B Genetische (Neben-)Varianten [g.HGVS]",,"HGVS validierter Genomic DNA change (gHGVS)",,,,,"[sct_55446002_str_7]  <> """"",,,,,,
ln_48004_6_8,erker_v13,,text,"6.2.7.5C Genetische (Neben-)Varianten [c.HGVS]",,"HGVS validierter DNA change (c.HGVS)",,,,,"[sct_55446002_str_7]  <> """"",,,,,,
ln_48005_3_8,erker_v13,,text,"6.2.7.5D Genetische (Neben-)Varianten [p.HGVS]",,"HGVS validierter Genomic DNA change (gHGVS)",,,,,"[sct_55446002_str_7]  <> """"",,,,,,
ln_47999_8_dna_hgnc_8,erker_v13,,text,"6.2.7.5E Genetische (Neben-)Varianten [HGNC-Code]",BIOPORTAL:HGNC-NR,,,,,,"[sct_55446002_str_7]  <> """"",,,,,,
sct_85097005_1_orpha,erker_v13,"6.3 Nebendiagnosen",text,"6.3.1A Nebendiagnose [ORPHA]",BIOPORTAL:ORDO,,,,,,,,,,,,
sct_85097005_1_icd10gm,erker_v13,,text,"6.3.1B Nebendiagnose [ICD10-GM]",,"Bitte nur ICD-10GM Code (ohne Anführungszeichen) angeben, z.B.: ""E66.8""",,,,,,,,,,,
sct_85097005_1_date,erker_v13,,text,"6.3.1C Nebendiagnose - Feststellungsdatum",,,date_ymd,,,,,,,,,,
sct_85097005_2_orpha,erker_v13,,text,"6.3.2A Nebendiagnose [ORPHA]",BIOPORTAL:ORDO,,,,,,"[sct_85097005_1_icd10gm] <> """"",,,,,,
sct_85097005_2_icd10gm,erker_v13,,text,"6.3.2B Nebendiagnose [ICD10-GM]",,"Bitte nur ICD-10GM Code (ohne Anführungszeichen) angeben, z.B.: ""E66.8""",,,,,"[sct_85097005_1_icd10gm] <> """"",,,,,,
sct_85097005_2_date,erker_v13,,text,"6.3.2C Nebendiagnose - Feststellungsdatum",,,date_ymd,,,,"[sct_85097005_1_icd10gm] <> """"",,,,,,
sct_85097005_3_orpha,erker_v13,,text,"6.3.3A Nebendiagnose [ORPHA]",BIOPORTAL:ORDO,,,,,,"[sct_85097005_2_icd10gm] <> """"",,,,,,
sct_85097005_3_icd10gm,erker_v13,,text,"6.3.3B Nebendiagnose [ICD10-GM]",,"Bitte nur ICD-10GM Code (ohne Anführungszeichen) angeben, z.B.: ""E66.8""",,,,,"[sct_85097005_2_icd10gm] <> """"",,,,,,
sct_85097005_3_date,erker_v13,,text,"6.3.3C Nebendiagnose - Feststellungsdatum",,,date_ymd,,,,"[sct_85097005_2_icd10gm] <> """"",,,,,,
sct_85097005_4_orpha,erker_v13,,text,"6.3.4A Nebendiagnose [ORPHA]",BIOPORTAL:ORDO,,,,,,"[sct_85097005_3_icd10gm] <> """"",,,,,,
sct_85097005_4_icd10gm,erker_v13,,text,"6.3.4B Nebendiagnose [ICD10-GM]",,"Bitte nur ICD-10GM Code (ohne Anführungszeichen) angeben, z.B.: ""E66.8""",,,,,"[sct_85097005_3_icd10gm] <> """"",,,,,,
sct_85097005_4_date,erker_v13,,text,"6.3.4C Nebendiagnose - Feststellungsdatum",,,date_ymd,,,,"[sct_85097005_3_icd10gm] <> """"",,,,,,
sct_85097005_5_orpha,erker_v13,,text,"6.3.5A Nebendiagnose [ORPHA]",BIOPORTAL:ORDO,,,,,,"[sct_85097005_4_icd10gm] <> """"",,,,,,
sct_85097005_5_icd10gm,erker_v13,,text,"6.3.5B Nebendiagnose [ICD10-GM]",,"Bitte nur ICD-10GM Code (ohne Anführungszeichen) angeben, z.B.: ""E66.8""",,,,,"[sct_85097005_4_icd10gm] <> """"",,,,,,
sct_85097005_5_date,erker_v13,,text,"6.3.5C Nebendiagnose - Feststellungsdatum",,,date_ymd,,,,"[sct_85097005_4_icd10gm] <> """"",,,,,,
sct_85097005_6_orpha,erker_v13,,text,"6.3.6A Nebendiagnose [ORPHA]",BIOPORTAL:ORDO,,,,,,"[sct_85097005_5_icd10gm] <> """"",,,,,,
sct_85097005_6_icd10gm,erker_v13,,text,"6.3.6B Nebendiagnose [ICD10-GM]",,"Bitte nur ICD-10GM Code (ohne Anführungszeichen) angeben, z.B.: ""E66.8""",,,,,"[sct_85097005_5_icd10gm] <> """"",,,,,,
sct_85097005_6_date,erker_v13,,text,"6.3.6C Nebendiagnose - Feststellungsdatum",,,date_ymd,,,,"[sct_85097005_5_icd10gm] <> """"",,,,,,
sct_85097005_7_orpha,erker_v13,,text,"6.3.7A Nebendiagnose [ORPHA]",BIOPORTAL:ORDO,,,,,,"[sct_85097005_6_icd10gm] <> """"",,,,,,
sct_85097005_7_icd10gm,erker_v13,,text,"6.3.7B Nebendiagnose [ICD10-GM]",,"Bitte nur ICD-10GM Code (ohne Anführungszeichen) angeben, z.B.: ""E66.8""",,,,,"[sct_85097005_6_icd10gm] <> """"",,,,,,
sct_85097005_7_date,erker_v13,,text,"6.3.7C Nebendiagnose - Feststellungsdatum",,,date_ymd,,,,"[sct_85097005_6_icd10gm] <> """"",,,,,,
sct_85097005_8_orpha,erker_v13,,text,"6.3.8A Nebendiagnose [ORPHA]",BIOPORTAL:ORDO,,,,,,"[sct_85097005_7_icd10gm] <> """"",,,,,,
sct_85097005_8_icd10gm,erker_v13,,text,"6.3.8B Nebendiagnose [ICD10-GM]",,"Bitte nur ICD-10GM Code (ohne Anführungszeichen) angeben, z.B.: ""E66.8""",,,,,"[sct_85097005_7_icd10gm] <> """"",,,,,,
sct_85097005_8_date,erker_v13,,text,"6.3.8C Nebendiagnose - Feststellungsdatum",,,date_ymd,,,,"[sct_85097005_7_icd10gm] <> """"",,,,,,
sct_85097005_9_orpha,erker_v13,,text,"6.3.9A Nebendiagnose [ORPHA]",BIOPORTAL:ORDO,,,,,,"[sct_85097005_8_icd10gm] <> """"",,,,,,
sct_85097005_9_icd10gm,erker_v13,,text,"6.3.9B Nebendiagnose [ICD10-GM]",,"Bitte nur ICD-10GM Code (ohne Anführungszeichen) angeben, z.B.: ""E66.8""",,,,,"[sct_85097005_8_icd10gm] <> """"",,,,,,
sct_85097005_9_date,erker_v13,,text,"6.3.9C Nebendiagnose - Feststellungsdatum",,,date_ymd,,,,"[sct_85097005_8_icd10gm] <> """"",,,,,,
sct_85097005_10_orpha,erker_v13,,text,"6.3.10A Nebendiagnose [ORPHA]",BIOPORTAL:ORDO,,,,,,"[sct_85097005_9_icd10gm] <> """"",,,,,,
sct_85097005_10_icd10gm,erker_v13,,text,"6.3.10B Nebendiagnose [ICD10-GM]",,"Bitte nur ICD-10GM Code (ohne Anführungszeichen) angeben, z.B.: ""E66.8""",,,,,"[sct_85097005_9_icd10gm] <> """"",,,,,,
sct_85097005_10_date,erker_v13,,text,"6.3.10C Nebendiagnose - Feststellungsdatum",,,date_ymd,,,,"[sct_85097005_9_icd10gm] <> """"",,,,,,
sct_85097005_11_orpha,erker_v13,,text,"6.3.11A Nebendiagnose [ORPHA]",BIOPORTAL:ORDO,,,,,,"[sct_85097005_10_icd10gm] <> """"",,,,,,
sct_85097005_11_icd10gm,erker_v13,,text,"6.3.11B Nebendiagnose [ICD10-GM]",,"Bitte nur ICD-10GM Code (ohne Anführungszeichen) angeben, z.B.: ""E66.8""",,,,,"[sct_85097005_10_icd10gm] <> """"",,,,,,
sct_85097005_11_date,erker_v13,,text,"6.3.11C Nebendiagnose - Feststellungsdatum",,,date_ymd,,,,"[sct_85097005_10_icd10gm] <> """"",,,,,,
sct_85097005_12_orpha,erker_v13,,text,"6.3.12A Nebendiagnose [ORPHA]",BIOPORTAL:ORDO,,,,,,"[sct_85097005_11_icd10gm] <> """"",,,,,,
sct_85097005_12_icd10gm,erker_v13,,text,"6.3.12B Nebendiagnose [ICD10-GM]",,"Bitte nur ICD-10GM Code (ohne Anführungszeichen) angeben, z.B.: ""E66.8""",,,,,"[sct_85097005_11_icd10gm] <> """"",,,,,,
sct_85097005_12_date,erker_v13,,text,"6.3.12C Nebendiagnose - Feststellungsdatum",,,date_ymd,,,,"[sct_85097005_11_icd10gm] <> """"",,,,,,
sct_85097005_13_orpha,erker_v13,,text,"6.3.13A Nebendiagnose [ORPHA]",BIOPORTAL:ORDO,,,,,,"[sct_85097005_12_icd10gm] <> """"",,,,,,
sct_85097005_13_icd10gm,erker_v13,,text,"6.3.13B Nebendiagnose [ICD10-GM]",,"Bitte nur ICD-10GM Code (ohne Anführungszeichen) angeben, z.B.: ""E66.8""",,,,,"[sct_85097005_12_icd10gm] <> """"",,,,,,
sct_85097005_13_date,erker_v13,,text,"6.3.13C Nebendiagnose - Feststellungsdatum",,,date_ymd,,,,"[sct_85097005_12_icd10gm] <> """"",,,,,,
sct_85097005_14_orpha,erker_v13,,text,"6.3.14A Nebendiagnose [ORPHA]",BIOPORTAL:ORDO,,,,,,"[sct_85097005_13_icd10gm] <> """"",,,,,,
sct_85097005_14_icd10gm,erker_v13,,text,"6.3.14B Nebendiagnose [ICD10-GM]",,"Bitte nur ICD-10GM Code (ohne Anführungszeichen) angeben, z.B.: ""E66.8""",,,,,"[sct_85097005_13_icd10gm] <> """"",,,,,,
sct_85097005_14_date,erker_v13,,text,"6.3.14C Nebendiagnose - Feststellungsdatum",,,date_ymd,,,,"[sct_85097005_13_icd10gm] <> """"",,,,,,
sct_85097005_15_orpha,erker_v13,,text,"6.3.15A Nebendiagnose [ORPHA]",BIOPORTAL:ORDO,,,,,,"[sct_85097005_14_icd10gm] <> """"",,,,,,
sct_85097005_15_icd10gm,erker_v13,,text,"6.3.15B Nebendiagnose [ICD10-GM]",,"Bitte nur ICD-10GM Code (ohne Anführungszeichen) angeben, z.B.: ""E66.8""",,,,,"[sct_85097005_14_icd10gm] <> """"",,,,,,
sct_85097005_15_date,erker_v13,,text,"6.3.15C Nebendiagnose - Feststellungsdatum",,,date_ymd,,,,"[sct_85097005_14_icd10gm] <> """"",,,,,,
sct_85097005_16_orpha,erker_v13,,text,"6.3.16A Nebendiagnose [ORPHA]",BIOPORTAL:ORDO,,,,,,"[sct_85097005_15_icd10gm] <> """"",,,,,,
sct_85097005_16_icd10gm,erker_v13,,text,"6.3.16B Nebendiagnose [ICD10-GM]",,"Bitte nur ICD-10GM Code (ohne Anführungszeichen) angeben, z.B.: ""E66.8""",,,,,"[sct_85097005_15_icd10gm] <> """"",,,,,,
sct_85097005_16_date,erker_v13,,text,"6.3.16C Nebendiagnose - Feststellungsdatum",,,date_ymd,,,,"[sct_85097005_15_icd10gm] <> """"",,,,,,
sct_85097005_17_orpha,erker_v13,,text,"6.3.17A Nebendiagnose [ORPHA]",BIOPORTAL:ORDO,,,,,,"[sct_85097005_16_icd10gm] <> """"",,,,,,
sct_85097005_17_icd10gm,erker_v13,,text,"6.3.17B Nebendiagnose [ICD10-GM]",,"Bitte nur ICD-10GM Code (ohne Anführungszeichen) angeben, z.B.: ""E66.8""",,,,,"[sct_85097005_16_icd10gm] <> """"",,,,,,
sct_85097005_17_date,erker_v13,,text,"6.3.17C Nebendiagnose - Feststellungsdatum",,,date_ymd,,,,"[sct_85097005_16_icd10gm] <> """"",,,,,,
sct_85097005_18_orpha,erker_v13,,text,"6.3.18A Nebendiagnose [ORPHA]",BIOPORTAL:ORDO,,,,,,"[sct_85097005_17_icd10gm] <> """"",,,,,,
sct_85097005_18_icd10gm,erker_v13,,text,"6.3.18B Nebendiagnose [ICD10-GM]",,"Bitte nur ICD-10GM Code (ohne Anführungszeichen) angeben, z.B.: ""E66.8""",,,,,"[sct_85097005_17_icd10gm] <> """"",,,,,,
sct_85097005_18_date,erker_v13,,text,"6.3.18C Nebendiagnose - Feststellungsdatum",,,date_ymd,,,,"[sct_85097005_17_icd10gm] <> """"",,,,,,
sct_85097005_19_orpha,erker_v13,,text,"6.3.19A Nebendiagnose [ORPHA]",BIOPORTAL:ORDO,,,,,,"[sct_85097005_18_icd10gm] <> """"",,,,,,
sct_85097005_19_icd10gm,erker_v13,,text,"6.3.19B Nebendiagnose [ICD10-GM]",,"Bitte nur ICD-10GM Code (ohne Anführungszeichen) angeben, z.B.: ""E66.8""",,,,,"[sct_85097005_18_icd10gm] <> """"",,,,,,
sct_85097005_19_date,erker_v13,,text,"6.3.19C Nebendiagnose - Feststellungsdatum",,,date_ymd,,,,"[sct_85097005_18_icd10gm] <> """"",,,,,,
sct_85097005_20_orpha,erker_v13,,text,"6.3.20A Nebendiagnose [ORPHA]",BIOPORTAL:ORDO,,,,,,"[sct_85097005_19_icd10gm] <> """"",,,,,,
sct_85097005_20_icd10gm,erker_v13,,text,"6.3.20B Nebendiagnose [ICD10-GM]",,"Bitte nur ICD-10GM Code (ohne Anführungszeichen) angeben, z.B.: ""E66.8""",,,,,"[sct_85097005_19_icd10gm] <> """"",,,,,,
sct_85097005_20_date,erker_v13,,text,"6.3.20C Nebendiagnose - Feststellungsdatum",,,date_ymd,,,,"[sct_85097005_19_icd10gm] <> """"",,,,,,
sct_8116006_1,erker_v13,"6.4 Phänotypisierung",text,"6.4.1 Phänotypisierung [HPO]",BIOPORTAL:HP,,,,,,,,,,,,
sct_8116006_2,erker_v13,,text,"6.4.2 Phänotypisierung [HPO]",BIOPORTAL:HP,,,,,,"[sct_8116006_1] <> """"",,,,,,
sct_8116006_3,erker_v13,,text,"6.4.3 Phänotypisierung [HPO]",BIOPORTAL:HP,,,,,,"[sct_8116006_2] <> """"",,,,,,
sct_8116006_4,erker_v13,,text,"6.4.4 Phänotypisierung [HPO]",BIOPORTAL:HP,,,,,,"[sct_8116006_3] <> """"",,,,,,
sct_8116006_5,erker_v13,,text,"6.4.5 Phänotypisierung [HPO]",BIOPORTAL:HP,,,,,,"[sct_8116006_4] <> """"",,,,,,
sct_8116006_6,erker_v13,,text,"6.4.6 Phänotypisierung [HPO]",BIOPORTAL:HP,,,,,,"[sct_8116006_5] <> """"",,,,,,
sct_8116006_7,erker_v13,,text,"6.4.7 Phänotypisierung [HPO]",BIOPORTAL:HP,,,,,,"[sct_8116006_6] <> """"",,,,,,
sct_8116006_8,erker_v13,,text,"6.4.8 Phänotypisierung [HPO]",BIOPORTAL:HP,,,,,,"[sct_8116006_7] <> """"",,,,,,
sct_8116006_9,erker_v13,,text,"6.4.9 Phänotypisierung [HPO]",BIOPORTAL:HP,,,,,,"[sct_8116006_8] <> """"",,,,,,
sct_8116006_10,erker_v13,,text,"6.4.10 Phänotypisierung [HPO]",BIOPORTAL:HP,,,,,,"[sct_8116006_9] <> """"",,,,,,
sct_8116006_11,erker_v13,,text,"6.4.11 Phänotypisierung [HPO]",BIOPORTAL:HP,,,,,,"[sct_8116006_10] <> """"",,,,,,
sct_8116006_12,erker_v13,,text,"6.4.12 Phänotypisierung [HPO]",BIOPORTAL:HP,,,,,,"[sct_8116006_11] <> """"",,,,,,
sct_8116006_13,erker_v13,,text,"6.4.13 Phänotypisierung [HPO]",BIOPORTAL:HP,,,,,,"[sct_8116006_12] <> """"",,,,,,
sct_8116006_14,erker_v13,,text,"6.4.14 Phänotypisierung [HPO]",BIOPORTAL:HP,,,,,,"[sct_8116006_13] <> """"",,,,,,
sct_8116006_15,erker_v13,,text,"6.4.15 Phänotypisierung [HPO]",BIOPORTAL:HP,,,,,,"[sct_8116006_14] <> """"",,,,,,
sct_8116006_16,erker_v13,,text,"6.4.16 Phänotypisierung [HPO]",BIOPORTAL:HP,,,,,,"[sct_8116006_15] <> """"",,,,,,
sct_8116006_17,erker_v13,,text,"6.4.17 Phänotypisierung [HPO]",BIOPORTAL:HP,,,,,,"[sct_8116006_16] <> """"",,,,,,
sct_8116006_18,erker_v13,,text,"6.4.18 Phänotypisierung [HPO]",BIOPORTAL:HP,,,,,,"[sct_8116006_17] <> """"",,,,,,
sct_8116006_19,erker_v13,,text,"6.4.19 Phänotypisierung [HPO]",BIOPORTAL:HP,,,,,,"[sct_8116006_18] <> """"",,,,,,
sct_8116006_20,erker_v13,,text,"6.4.20 Phänotypisierung [HPO]",BIOPORTAL:HP,,,,,,"[sct_8116006_19] <> """"",,,,,,
sct_8116006_21,erker_v13,,text,"6.4.21 Phänotypisierung [HPO]",BIOPORTAL:HP,,,,,,"[sct_8116006_20] <> """"",,,,,,
sct_8116006_22,erker_v13,,text,"6.4.22 Phänotypisierung [HPO]",BIOPORTAL:HP,,,,,,"[sct_8116006_21] <> """"",,,,,,
sct_8116006_23,erker_v13,,text,"6.4.23 Phänotypisierung [HPO]",BIOPORTAL:HP,,,,,,"[sct_8116006_22] <> """"",,,,,,
sct_8116006_24,erker_v13,,text,"6.4.24 Phänotypisierung [HPO]",BIOPORTAL:HP,,,,,,"[sct_8116006_23] <> """"",,,,,,
sct_8116006_25,erker_v13,,text,"6.4.25 Phänotypisierung [HPO]",BIOPORTAL:HP,,,,,,"[sct_8116006_24] <> """"",,,,,,
sct_8116006_26,erker_v13,,text,"6.4.26 Phänotypisierung [HPO]",BIOPORTAL:HP,,,,,,"[sct_8116006_25] <> """"",,,,,,
sct_8116006_27,erker_v13,,text,"6.4.27 Phänotypisierung [HPO]",BIOPORTAL:HP,,,,,,"[sct_8116006_26] <> """"",,,,,,
sct_8116006_28,erker_v13,,text,"6.4.28 Phänotypisierung [HPO]",BIOPORTAL:HP,,,,,,"[sct_8116006_27] <> """"",,,,,,
sct_8116006_29,erker_v13,,text,"6.4.29 Phänotypisierung [HPO]",BIOPORTAL:HP,,,,,,"[sct_8116006_28] <> """"",,,,,,
sct_8116006_30,erker_v13,,text,"6.4.30 Phänotypisierung [HPO]",BIOPORTAL:HP,,,,,,"[sct_8116006_29] <> """"",,,,,,
sct_72705000_rd,erker_v13,"6.5 Familienanamnese",radio,"6.5.1A Mutter von dieser SE betroffen?","sct_373066001, Ja | sct_373067005, Nein | sct_1220561009, nicht erfasst",,,,,,,,,,fa_mutter,,
sct_160430005,erker_v13,,radio,"6.5.1B Mutter verstorben?","sct_373066001, Ja | sct_373067005, Nein | sct_1220561009, nicht erfasst",,,,,,,,,,fa_mutter,,
sct_72705000_age,erker_v13,,text,"6.5.1C Alter der Mutter [in Jahren]  (Zum Zeitpunkt der Erfassung)",,"Bitte geben Sie eine ganze Zahl zwischen 0 und 100 (jeweils einschließlich) ein!",number,1,150,,,,,,,,
sct_160430005_age,erker_v13,,text,"6.5.1D Sterbealter der Mutter [in Jahren]",,"Bitte geben Sie eine ganze Zahl zwischen 0 und 100 (jeweils einschließlich) ein!",number,1,150,,"[sct_160430005] = 'sct_373066001'",,,,,,
sct_66839005_rd,erker_v13,,radio,"6.5.2A Vater von dieser SE betroffen?","sct_373066001, Ja | sct_373067005, Nein | sct_1220561009, nicht erfasst",,,,,,,,,,fa_vater,,
sct_160436004,erker_v13,,radio,"6.5.2B Vater verstorben","sct_373066001, Ja | sct_373067005, Nein | sct_1220561009, nicht erfasst",,,,,,,,,,fa_vater,,
sct_66839005_age,erker_v13,,text,"6.5.2C Alter des Vaters [in Jahren] (Zum Zeitpunkt der Erfassung)",,"Bitte geben Sie eine ganze Zahl zwischen 0 und 100 (jeweils einschließlich) ein!",number,1,150,,,,,,,,
sct_160436004_age,erker_v13,,text,"6.5.2D Sterbealter des Vaters [in Jahren]",,"Bitte geben Sie eine ganze Zahl zwischen 0 und 100 (jeweils einschließlich) ein!",number,1,150,,"[sct_160436004] = 'sct_373066001'",,,,,,
sct_82101005_rd,erker_v13,,radio,"6.5.3 Geschwister von dieser SE betroffen?","sct_373066001, Ja | sct_373067005, Nein | sct_1220561009, nicht erfasst","Folgend bitte nur betroffene Geschwister erfassen!",,,,,,,,,,,
sct_82101005_1_yob,erker_v13,,text,"6.5.3.1A - 1. Geschwister - Geburtsjahr [JJJJ]",,"Alter des Geschwisterkinds bei Einschluss des Patienten im NARSE",integer,1900,2100,,"[sct_82101005_rd] = 'sct_373066001'",,,,,,
sct_82101005_1_gender,erker_v13,,dropdown,"6.5.3.1B - 1. Geschwister - Geschlecht","sct_263495000_M, männlich | sct_263495000_W, weiblich | sct_263495000_UN, unbestimmt | sct_263495000_D, divers | sct_1220561009, nicht erfasst",,,,,,"[sct_82101005_rd] = 'sct_373066001'",,,,,,
sct_82101005_2_yob,erker_v13,,text,"6.5.3.2A - 2. Geschwister - Geburtsjahr [JJJJ]",,"Alter des Geschwisterkinds bei Einschluss des Patienten im NARSE",integer,1900,2100,,"[sct_82101005_1_yob] <> """"",,,,,,
sct_82101005_2_gender,erker_v13,,dropdown,"6.5.3.2B - 2. Geschwister - Geschlecht","sct_263495000_M, männlich | sct_263495000_W, weiblich | sct_263495000_UN, unbestimmt | sct_263495000_D, divers | sct_1220561009, nicht erfasst",,,,,,"[sct_82101005_1_yob] <> """"",,,,,,
sct_82101005_3_yob,erker_v13,,text,"6.5.3.3A - 3. Geschwister - Geburtsjahr [JJJJ]",,"Alter des Geschwisterkinds bei Einschluss des Patienten im NARSE",integer,1900,2100,,"[sct_82101005_2_yob] <> """"",,,,,,
sct_82101005_3_gender,erker_v13,,dropdown,"6.5.3.3B - 3. Geschwister - Geschlecht","sct_263495000_M, männlich | sct_263495000_W, weiblich | sct_263495000_UN, unbestimmt | sct_263495000_D, divers | sct_1220561009, nicht erfasst",,,,,,"[sct_82101005_2_yob] <> """"",,,,,,
sct_82101005_4_yob,erker_v13,,text,"6.5.3.4A - 4. Geschwister - Geburtsjahr [JJJJ]",,"Alter des Geschwisterkinds bei Einschluss des Patienten im NARSE",integer,1900,2100,,"[sct_82101005_3_yob] <> """"",,,,,,
sct_82101005_4_gender,erker_v13,,dropdown,"6.5.3.4B - 4. Geschwister - Geschlecht","sct_263495000_M, männlich | sct_263495000_W, weiblich | sct_263495000_UN, unbestimmt | sct_263495000_D, divers | sct_1220561009, nicht erfasst",,,,,,"[sct_82101005_3_yob] <> """"",,,,,,
sct_82101005_5_yob,erker_v13,,text,"6.5.3.5A - 5. Geschwister - Geburtsjahr [JJJJ]",,"Alter des Geschwisterkinds bei Einschluss des Patienten im NARSE",integer,1900,2100,,"[sct_82101005_4_yob] <> """"",,,,,,
sct_82101005_5_gender,erker_v13,,dropdown,"6.5.3.5B - 5. Geschwister - Geschlecht","sct_263495000_M, männlich | sct_263495000_W, weiblich | sct_263495000_UN, unbestimmt | sct_263495000_D, divers | sct_1220561009, nicht erfasst",,,,,,"[sct_82101005_4_yob] <> """"",,,,,,
sct_82101005_6_yob,erker_v13,,text,"6.5.3.6A - 6. Geschwister - Geburtsjahr [JJJJ]",,"Alter des Geschwisterkinds bei Einschluss des Patienten im NARSE",integer,1900,2100,,"[sct_82101005_5_yob] <> """"",,,,,,
sct_82101005_6_gender,erker_v13,,dropdown,"6.5.3.6B - 6. Geschwister - Geschlecht","sct_263495000_M, männlich | sct_263495000_W, weiblich | sct_263495000_UN, unbestimmt | sct_263495000_D, divers | sct_1220561009, nicht erfasst",,,,,,"[sct_82101005_5_yob] <> """"",,,,,,
sct_82101005_7_yob,erker_v13,,text,"6.5.3.7A - 7. Geschwister - Geburtsjahr [JJJJ]",,"Alter des Geschwisterkinds bei Einschluss des Patienten im NARSE",integer,1900,2100,,"[sct_82101005_6_yob] <> """"",,,,,,
sct_82101005_7_gender,erker_v13,,dropdown,"6.5.3.7B - 7. Geschwister - Geschlecht","sct_263495000_M, männlich | sct_263495000_W, weiblich | sct_263495000_UN, unbestimmt | sct_263495000_D, divers | sct_1220561009, nicht erfasst",,,,,,"[sct_82101005_6_yob] <> """"",,,,,,
sct_82101005_8_yob,erker_v13,,text,"6.5.3.8A - 8. Geschwister - Geburtsjahr [JJJJ]",,"Alter des Geschwisterkinds bei Einschluss des Patienten im NARSE",integer,1900,2100,,"[sct_82101005_7_yob] <> """"",,,,,,
sct_82101005_8_gender,erker_v13,,dropdown,"6.5.3.8B - 8. Geschwister - Geschlecht","sct_263495000_M, männlich | sct_263495000_W, weiblich | sct_263495000_UN, unbestimmt | sct_263495000_D, divers | sct_1220561009, nicht erfasst",,,,,,"[sct_82101005_7_yob] <> """"",,,,,,
sct_82101005_9_yob,erker_v13,,text,"6.5.3.9A - 9. Geschwister - Geburtsjahr [JJJJ]",,"Alter des Geschwisterkinds bei Einschluss des Patienten im NARSE",integer,1900,2100,,"[sct_82101005_8_yob] <> """"",,,,,,
sct_82101005_9_gender,erker_v13,,dropdown,"6.5.3.9B - 9. Geschwister - Geschlecht","sct_263495000_M, männlich | sct_263495000_W, weiblich | sct_263495000_UN, unbestimmt | sct_263495000_D, divers | sct_1220561009, nicht erfasst",,,,,,"[sct_82101005_8_yob] <> """"",,,,,,
sct_82101005_10_yob,erker_v13,,text,"6.5.3.10A - 10. Geschwister - Geburtsjahr [JJJJ]",,"Alter des Geschwisterkinds bei Einschluss des Patienten im NARSE",integer,1900,2100,,"[sct_82101005_9_yob] <> """"",,,,,,
sct_82101005_10_gender,erker_v13,,dropdown,"6.5.3.10B - 10. Geschwister - Geschlecht","sct_263495000_M, männlich | sct_263495000_W, weiblich | sct_263495000_UN, unbestimmt | sct_263495000_D, divers | sct_1220561009, nicht erfasst",,,,,,"[sct_82101005_9_yob] <> """"",,,,,,
sct_309370004_forschung,erker_v13,"7 Einwilligung Daten",dropdown,"7.1 Zustimmung zur Kontaktaufnahme zu Forschungszwecken","sct_373066001, Ja | sct_373067005, Nein | sct_1220561009, nicht erfasst","Einwilligung des*der Patient*in, zu Forschungszwecken kontaktiert zu werden liegt vor",,,,,,,,,,,
sct_309370004_narse,erker_v13,,dropdown,"7.2.1 Einwilligung zur Übermittlung nach NARSE (Nationales Register für Seltene Erkrankungen)","sct_373066001, Ja | sct_373067005, Nein | sct_1220561009, nicht erfasst",,,,,,,y,,,,,
sct_441898007_data,erker_v13,"7.2.2 Varianten der Datennutzung [im NARSE]",radio,"7.2.2A Einwilligung für Datennutzung ohne Beschränkung liegt vor.","sct_373066001, Ja | sct_373067005, Nein | sct_1220561009, nicht erfasst",,,,,,,,,,fk_einwilligung,,
sct_441898007_eu,erker_v13,,radio,"7.2.2B Einwilligung für internationale Datennutzung (beschränkt auf den EU Raum) liegt vor.","sct_373066001, Ja | sct_373067005, Nein | sct_1220561009, nicht erfasst",,,,,,,,,,fk_einwilligung,,
sct_441898007_int,erker_v13,,radio,"7.2.2C Einwilligung für internationale Datennutzung (auch in Drittländern außerhalb der EU) liegt vor.","sct_373066001, Ja | sct_373067005, Nein | sct_1220561009, nicht erfasst",,,,,,,,,,fk_einwilligung,,
sct_441898007_res,erker_v13,,radio,"7.2.2D Einwilligung des*der Patient*in, für Forschungszwecke oder zwecks Vernetzung mit anderen Betroffenen erneut kontaktiert zu werden liegt vor.","sct_373066001, Ja | sct_373067005, Nein | sct_1220561009, nicht erfasst",,,,,,,,,,fk_einwilligung,,
sct_441898007_gen,erker_v13,,radio,"7.2.2E Einwilligung für die Erfassung genetischer Informationen (zum betroffenen Gen und der aufgetretenen Mutation) liegt vor.","sct_373066001, Ja | sct_373067005, Nein | sct_1220561009, nicht erfasst",,,,,,,,,,fk_einwilligung,,
sct_441898007_case,erker_v13,,radio,"7.2.2F Einwilligung für den Austausch von Informationen mit Ärztinnen/Ärzten anderer Gesundheitseinrichtung zum Zweck der Fallbesprechung (Konsil) liegt vor.","sct_373066001, Ja | sct_373067005, Nein | sct_1220561009, nicht erfasst",,,,,,,,,,fk_einwilligung,,
sct_123038009,erker_v13,,dropdown,"7.3 Biologische Probe verfügbar?","sct_373066001, Ja | sct_373067005, Nein | sct_1220561009, nicht erfasst","Biologische Probe des Patienten ist für die Forschung verfügbar?",,,,,,,,,,,
sct_840566006,erker_v13,,dropdown,"7.4 Link zu einer Biobank","sct_373066001, Ja | sct_373067005, Nein | sct_1220561009, nicht erfasst","Biologische Probe wird in einer Biobank aufbewahrt",,,,,"[sct_123038009] = 'sct_373066001'",,,,,,
sct_840566006_specific,erker_v13,,text,"7.4A Welche Biobank",,"z.B. von: https://directory.bbmri-eric.eu/#/",,,,,"[sct_840566006] = 'sct_373066001'",,,,,,
sct_21134002_class,erker_v13,,dropdown,"8.1 Einstufung der Funktionsfähigkeit/Behinderung ","sct_373066001, Ja | sct_373067005, Nein | sct_1220561009, nicht erfasst","Behinderungsprofil des Patienten gemäß der Internationalen Klassifizierung der Funktionsfähigkeit, Behinderung und Gesundheit (ICF)",,,,,,,,,,,
sct_21134002_score,erker_v13,,text,"8.1A Disability Score",BIOPORTAL:ICF,,,,,,"[sct_21134002_class] = 'sct_373066001 '",,,,,,
